Threads,Time
1,150.18474438399971
2,78.877586111999790
4,42.812918444999923
8,23.631613653999921
