Threads,Time
1,75.225251931999992
2,39.730448173000241
4,21.612276193000071
8,11.838110016999963
