Threads,Time
1,75.253989038999862
2,38.987691708000057
4,21.992922662999945
8,11.966480998999941
