Threads,Time
1,75.031689023999206
2,38.963588219001394
4,21.565754589999415
8,11.982438559000002
