Threads,Time
1,74.896074020001834
2,79.548713739000959
4,85.534784216997650
8,93.993615704999684
